"classical","artist_1","album_1","track_1","1","artist_1_album_1_track_1.mp3"
"classical","artist_1","album_1","track_2","2","artist_1_album_1_track_2.mp3"
"classical","artist_1","album_1","track_3","3","artist_1_album_1_track_3.mp3"
"classical","artist_1","album_1","track_4","4","artist_1_album_1_track_4.mp3"
"classical","artist_1","album_1","track_5","5","artist_1_album_1_track_5.mp3"
"classical","artist_1","album_1","track_6","6","artist_1_album_1_track_6.mp3"
"classical","artist_1","album_1","track_7","7","artist_1_album_1_track_7.mp3"
"classical","artist_1","album_1","track_8","8","artist_1_album_1_track_8.mp3"
"classical","artist_1","album_2","track_1","1","artist_1_album_2_track_1.mp3"
"classical","artist_1","album_2","track_2","2","artist_1_album_2_track_2.mp3"
"classical","artist_1","album_2","track_3","3","artist_1_album_2_track_3.mp3"
"classical","artist_2","album_1","track_1","1","artist_2_album_1_track_1.mp3"
"classical","artist_2","album_1","track_2","2","artist_2_album_1_track_2.mp3"
"classical","artist_2","album_1","track_3","3","artist_2_album_1_track_3.mp3"
"classical","artist_3","album_1","track_1","1","artist_3_album_1_track_1.mp3"
"classical","artist_3","album_1","track_2","2","artist_3_album_1_track_2.mp3"
"classical","artist_4","album_1","track_1","1","artist_4_album_1_track_1.mp3"
"classical","artist_4","album_1","track_2","2","artist_4_album_1_track_2.mp3"
"classical","artist_4","album_1","track_3","3","artist_4_album_1_track_3.mp3"
"classical","artist_4","album_1","track_4","4","artist_4_album_1_track_4.mp3"
"classical","artist_4","album_1","track_5","5","artist_4_album_1_track_5.mp3"
"classical","artist_4","album_1","track_6","6","artist_4_album_1_track_6.mp3"
"classical","artist_5","album_1","track_1","1","artist_5_album_1_track_1.mp3"
"classical","artist_5","album_1","track_2","2","artist_5_album_1_track_2.mp3"
"classical","artist_5","album_1","track_3","3","artist_5_album_1_track_3.mp3"
"classical","artist_5","album_1","track_4","4","artist_5_album_1_track_4.mp3"
"classical","artist_5","album_1","track_5","5","artist_5_album_1_track_5.mp3"
"classical","artist_5","album_1","track_6","6","artist_5_album_1_track_6.mp3"
"classical","artist_5","album_1","track_7","7","artist_5_album_1_track_7.mp3"
"classical","artist_6","album_1","track_1","1","artist_6_album_1_track_1.mp3"
"classical","artist_6","album_1","track_2","2","artist_6_album_1_track_2.mp3"
"classical","artist_6","album_1","track_3","3","artist_6_album_1_track_3.mp3"
"classical","artist_6","album_1","track_4","4","artist_6_album_1_track_4.mp3"
"classical","artist_6","album_1","track_5","5","artist_6_album_1_track_5.mp3"
"classical","artist_6","album_1","track_6","6","artist_6_album_1_track_6.mp3"
"classical","artist_6","album_1","track_7","7","artist_6_album_1_track_7.mp3"
"classical","artist_6","album_2","track_1","1","artist_6_album_2_track_1.mp3"
"classical","artist_6","album_2","track_2","2","artist_6_album_2_track_2.mp3"
"classical","artist_6","album_2","track_3","3","artist_6_album_2_track_3.mp3"
"classical","artist_6","album_2","track_4","4","artist_6_album_2_track_4.mp3"
"classical","artist_7","album_1","track_1","1","artist_7_album_1_track_1.mp3"
"classical","artist_7","album_1","track_2","2","artist_7_album_1_track_2.mp3"
"classical","artist_7","album_1","track_3","3","artist_7_album_1_track_3.mp3"
"classical","artist_7","album_1","track_4","4","artist_7_album_1_track_4.mp3"
"classical","artist_7","album_1","track_5","5","artist_7_album_1_track_5.mp3"
"classical","artist_7","album_1","track_6","6","artist_7_album_1_track_6.mp3"
"classical","artist_7","album_1","track_7","7","artist_7_album_1_track_7.mp3"
"classical","artist_7","album_1","track_8","8","artist_7_album_1_track_8.mp3"
"classical","artist_7","album_1","track_9","9","artist_7_album_1_track_9.mp3"
"classical","artist_7","album_2","track_1","1","artist_7_album_2_track_1.mp3"
"classical","artist_7","album_2","track_2","2","artist_7_album_2_track_2.mp3"
"classical","artist_7","album_2","track_3","3","artist_7_album_2_track_3.mp3"
"classical","artist_7","album_3","track_1","1","artist_7_album_3_track_1.mp3"
"classical","artist_7","album_3","track_2","2","artist_7_album_3_track_2.mp3"
"classical","artist_7","album_3","track_3","3","artist_7_album_3_track_3.mp3"
"classical","artist_7","album_4","track_1","1","artist_7_album_4_track_1.mp3"
"classical","artist_7","album_4","track_2","2","artist_7_album_4_track_2.mp3"
"classical","artist_7","album_4","track_3","3","artist_7_album_4_track_3.mp3"
"classical","artist_7","album_4","track_4","4","artist_7_album_4_track_4.mp3"
"classical","artist_7","album_4","track_5","5","artist_7_album_4_track_5.mp3"
"classical","artist_8","album_1","track_1","1","artist_8_album_1_track_1.mp3"
"classical","artist_8","album_1","track_2","2","artist_8_album_1_track_2.mp3"
"classical","artist_8","album_1","track_3","3","artist_8_album_1_track_3.mp3"
"classical","artist_9","album_1","track_1","1","artist_9_album_1_track_1.mp3"
"classical","artist_9","album_1","track_2","2","artist_9_album_1_track_2.mp3"
"classical","artist_9","album_1","track_3","3","artist_9_album_1_track_3.mp3"
"classical","artist_9","album_1","track_4","4","artist_9_album_1_track_4.mp3"
"classical","artist_9","album_1","track_5","5","artist_9_album_1_track_5.mp3"
"classical","artist_9","album_1","track_6","6","artist_9_album_1_track_6.mp3"
"classical","artist_9","album_2","track_1","1","artist_9_album_2_track_1.mp3"
"classical","artist_9","album_2","track_2","2","artist_9_album_2_track_2.mp3"
"classical","artist_9","album_2","track_3","3","artist_9_album_2_track_3.mp3"
"classical","artist_9","album_2","track_4","4","artist_9_album_2_track_4.mp3"
"classical","artist_9","album_2","track_5","5","artist_9_album_2_track_5.mp3"
"classical","artist_9","album_2","track_6","6","artist_9_album_2_track_6.mp3"
"classical","artist_9","album_2","track_7","7","artist_9_album_2_track_7.mp3"
"classical","artist_9","album_2","track_8","8","artist_9_album_2_track_8.mp3"
"classical","artist_9","album_2","track_9","9","artist_9_album_2_track_9.mp3"
"classical","artist_9","album_2","track_10","10","artist_9_album_2_track_10.mp3"
"classical","artist_9","album_2","track_11","11","artist_9_album_2_track_11.mp3"
"classical","artist_9","album_3","track_1","1","artist_9_album_3_track_1.mp3"
"classical","artist_9","album_3","track_2","2","artist_9_album_3_track_2.mp3"
"classical","artist_9","album_3","track_3","3","artist_9_album_3_track_3.mp3"
"classical","artist_9","album_3","track_4","4","artist_9_album_3_track_4.mp3"
"classical","artist_9","album_3","track_5","5","artist_9_album_3_track_5.mp3"
"classical","artist_9","album_3","track_6","6","artist_9_album_3_track_6.mp3"
"classical","artist_10","album_1","track_1","1","artist_10_album_1_track_1.mp3"
"classical","artist_10","album_1","track_2","2","artist_10_album_1_track_2.mp3"
"classical","artist_10","album_1","track_3","3","artist_10_album_1_track_3.mp3"
"classical","artist_10","album_1","track_4","4","artist_10_album_1_track_4.mp3"
"classical","artist_10","album_2","track_1","1","artist_10_album_2_track_1.mp3"
"classical","artist_10","album_2","track_2","2","artist_10_album_2_track_2.mp3"
"classical","artist_11","album_1","track_1","1","artist_11_album_1_track_1.mp3"
"classical","artist_11","album_1","track_2","2","artist_11_album_1_track_2.mp3"
"classical","artist_11","album_1","track_3","3","artist_11_album_1_track_3.mp3"
"classical","artist_12","album_1","track_1","1","artist_12_album_1_track_1.mp3"
"classical","artist_12","album_1","track_2","2","artist_12_album_1_track_2.mp3"
"classical","artist_12","album_1","track_3","3","artist_12_album_1_track_3.mp3"
"classical","artist_12","album_1","track_4","4","artist_12_album_1_track_4.mp3"
"classical","artist_12","album_1","track_5","5","artist_12_album_1_track_5.mp3"
"classical","artist_13","album_1","track_1","1","artist_13_album_1_track_1.mp3"
"classical","artist_13","album_1","track_2","2","artist_13_album_1_track_2.mp3"
"classical","artist_13","album_1","track_3","3","artist_13_album_1_track_3.mp3"
"classical","artist_13","album_1","track_4","4","artist_13_album_1_track_4.mp3"
"classical","artist_13","album_1","track_5","5","artist_13_album_1_track_5.mp3"
"classical","artist_13","album_1","track_6","6","artist_13_album_1_track_6.mp3"
"classical","artist_13","album_1","track_7","7","artist_13_album_1_track_7.mp3"
"classical","artist_14","album_1","track_1","1","artist_14_album_1_track_1.mp3"
"classical","artist_14","album_1","track_2","2","artist_14_album_1_track_2.mp3"
"classical","artist_14","album_1","track_3","3","artist_14_album_1_track_3.mp3"
"classical","artist_14","album_1","track_4","4","artist_14_album_1_track_4.mp3"
"classical","artist_14","album_1","track_5","5","artist_14_album_1_track_5.mp3"
"classical","artist_14","album_1","track_6","6","artist_14_album_1_track_6.mp3"
"classical","artist_14","album_1","track_7","7","artist_14_album_1_track_7.mp3"
"classical","artist_14","album_1","track_8","8","artist_14_album_1_track_8.mp3"
"classical","artist_14","album_2","track_1","1","artist_14_album_2_track_1.mp3"
"classical","artist_14","album_2","track_2","2","artist_14_album_2_track_2.mp3"
"classical","artist_14","album_2","track_3","3","artist_14_album_2_track_3.mp3"
"classical","artist_14","album_2","track_4","4","artist_14_album_2_track_4.mp3"
"classical","artist_14","album_2","track_5","5","artist_14_album_2_track_5.mp3"
"classical","artist_14","album_3","track_1","1","artist_14_album_3_track_1.mp3"
"classical","artist_14","album_3","track_2","2","artist_14_album_3_track_2.mp3"
"classical","artist_14","album_3","track_3","3","artist_14_album_3_track_3.mp3"
"classical","artist_14","album_3","track_4","4","artist_14_album_3_track_4.mp3"
"classical","artist_14","album_3","track_5","5","artist_14_album_3_track_5.mp3"
"classical","artist_14","album_3","track_6","6","artist_14_album_3_track_6.mp3"
"classical","artist_14","album_3","track_7","7","artist_14_album_3_track_7.mp3"
"classical","artist_14","album_4","track_1","1","artist_14_album_4_track_1.mp3"
"classical","artist_14","album_4","track_2","2","artist_14_album_4_track_2.mp3"
"classical","artist_14","album_4","track_3","3","artist_14_album_4_track_3.mp3"
"classical","artist_14","album_4","track_4","4","artist_14_album_4_track_4.mp3"
"classical","artist_14","album_4","track_5","5","artist_14_album_4_track_5.mp3"
"classical","artist_14","album_4","track_6","6","artist_14_album_4_track_6.mp3"
"classical","artist_14","album_4","track_7","7","artist_14_album_4_track_7.mp3"
"classical","artist_14","album_5","track_1","1","artist_14_album_5_track_1.mp3"
"classical","artist_14","album_5","track_2","2","artist_14_album_5_track_2.mp3"
"classical","artist_14","album_5","track_3","3","artist_14_album_5_track_3.mp3"
"classical","artist_14","album_5","track_4","4","artist_14_album_5_track_4.mp3"
"classical","artist_14","album_5","track_5","5","artist_14_album_5_track_5.mp3"
"classical","artist_14","album_6","track_1","1","artist_14_album_6_track_1.mp3"
"classical","artist_14","album_6","track_2","2","artist_14_album_6_track_2.mp3"
"classical","artist_14","album_6","track_3","3","artist_14_album_6_track_3.mp3"
"classical","artist_14","album_6","track_4","4","artist_14_album_6_track_4.mp3"
"classical","artist_14","album_6","track_5","5","artist_14_album_6_track_5.mp3"
"classical","artist_14","album_6","track_6","6","artist_14_album_6_track_6.mp3"
"classical","artist_14","album_6","track_7","7","artist_14_album_6_track_7.mp3"
"classical","artist_15","album_1","track_1","1","artist_15_album_1_track_1.mp3"
"classical","artist_15","album_1","track_2","2","artist_15_album_1_track_2.mp3"
"classical","artist_15","album_1","track_3","3","artist_15_album_1_track_3.mp3"
"classical","artist_15","album_1","track_4","4","artist_15_album_1_track_4.mp3"
"classical","artist_15","album_1","track_5","5","artist_15_album_1_track_5.mp3"
"classical","artist_15","album_1","track_6","6","artist_15_album_1_track_6.mp3"
"classical","artist_15","album_1","track_7","7","artist_15_album_1_track_7.mp3"
"classical","artist_15","album_1","track_8","8","artist_15_album_1_track_8.mp3"
"classical","artist_15","album_2","track_1","1","artist_15_album_2_track_1.mp3"
"classical","artist_15","album_2","track_2","2","artist_15_album_2_track_2.mp3"
"classical","artist_15","album_2","track_3","3","artist_15_album_2_track_3.mp3"
"classical","artist_15","album_2","track_4","4","artist_15_album_2_track_4.mp3"
"classical","artist_15","album_2","track_5","5","artist_15_album_2_track_5.mp3"
"classical","artist_15","album_2","track_6","6","artist_15_album_2_track_6.mp3"
"classical","artist_15","album_2","track_7","7","artist_15_album_2_track_7.mp3"
"classical","artist_16","album_1","track_1","1","artist_16_album_1_track_1.mp3"
"classical","artist_16","album_1","track_2","2","artist_16_album_1_track_2.mp3"
"classical","artist_16","album_1","track_3","3","artist_16_album_1_track_3.mp3"
"classical","artist_16","album_1","track_4","4","artist_16_album_1_track_4.mp3"
"classical","artist_16","album_1","track_5","5","artist_16_album_1_track_5.mp3"
"classical","artist_16","album_1","track_6","6","artist_16_album_1_track_6.mp3"
"classical","artist_16","album_1","track_7","7","artist_16_album_1_track_7.mp3"
"classical","artist_17","album_1","track_1","1","artist_17_album_1_track_1.mp3"
"classical","artist_17","album_1","track_2","2","artist_17_album_1_track_2.mp3"
"classical","artist_18","album_1","track_1","1","artist_18_album_1_track_1.mp3"
"classical","artist_18","album_1","track_2","2","artist_18_album_1_track_2.mp3"
"classical","artist_18","album_1","track_3","3","artist_18_album_1_track_3.mp3"
"classical","artist_18","album_1","track_4","4","artist_18_album_1_track_4.mp3"
"classical","artist_18","album_1","track_5","5","artist_18_album_1_track_5.mp3"
"classical","artist_18","album_1","track_6","6","artist_18_album_1_track_6.mp3"
"classical","artist_19","album_1","track_1","1","artist_19_album_1_track_1.mp3"
"classical","artist_20","album_1","track_1","1","artist_20_album_1_track_1.mp3"
"classical","artist_20","album_1","track_2","2","artist_20_album_1_track_2.mp3"
"classical","artist_20","album_1","track_3","3","artist_20_album_1_track_3.mp3"
"classical","artist_20","album_1","track_4","4","artist_20_album_1_track_4.mp3"
"classical","artist_21","album_1","track_1","1","artist_21_album_1_track_1.mp3"
"classical","artist_21","album_1","track_2","2","artist_21_album_1_track_2.mp3"
"classical","artist_21","album_1","track_3","3","artist_21_album_1_track_3.mp3"
"classical","artist_21","album_1","track_4","4","artist_21_album_1_track_4.mp3"
"classical","artist_21","album_1","track_5","5","artist_21_album_1_track_5.mp3"
"classical","artist_22","album_1","track_1","1","artist_22_album_1_track_1.mp3"
"classical","artist_22","album_1","track_2","2","artist_22_album_1_track_2.mp3"
"classical","artist_22","album_1","track_3","3","artist_22_album_1_track_3.mp3"
"classical","artist_22","album_2","track_1","1","artist_22_album_2_track_1.mp3"
"classical","artist_22","album_2","track_2","2","artist_22_album_2_track_2.mp3"
"classical","artist_22","album_2","track_3","3","artist_22_album_2_track_3.mp3"
"classical","artist_22","album_2","track_4","4","artist_22_album_2_track_4.mp3"
"classical","artist_23","album_1","track_1","1","artist_23_album_1_track_1.mp3"
"classical","artist_23","album_1","track_2","2","artist_23_album_1_track_2.mp3"
"classical","artist_23","album_1","track_3","3","artist_23_album_1_track_3.mp3"
"classical","artist_23","album_1","track_4","4","artist_23_album_1_track_4.mp3"
"classical","artist_23","album_1","track_5","5","artist_23_album_1_track_5.mp3"
"classical","artist_23","album_1","track_6","6","artist_23_album_1_track_6.mp3"
"classical","artist_24","album_1","track_1","1","artist_24_album_1_track_1.mp3"
"classical","artist_24","album_1","track_2","2","artist_24_album_1_track_2.mp3"
"classical","artist_24","album_1","track_3","3","artist_24_album_1_track_3.mp3"
"classical","artist_24","album_1","track_4","4","artist_24_album_1_track_4.mp3"
"classical","artist_25","album_1","track_1","1","artist_25_album_1_track_1.mp3"
"classical","artist_25","album_1","track_2","2","artist_25_album_1_track_2.mp3"
"classical","artist_25","album_1","track_3","3","artist_25_album_1_track_3.mp3"
"classical","artist_25","album_1","track_4","4","artist_25_album_1_track_4.mp3"
"classical","artist_25","album_1","track_5","5","artist_25_album_1_track_5.mp3"
"classical","artist_25","album_1","track_6","6","artist_25_album_1_track_6.mp3"
"classical","artist_25","album_1","track_7","7","artist_25_album_1_track_7.mp3"
"classical","artist_25","album_2","track_1","1","artist_25_album_2_track_1.mp3"
"classical","artist_25","album_2","track_2","2","artist_25_album_2_track_2.mp3"
"classical","artist_25","album_2","track_3","3","artist_25_album_2_track_3.mp3"
"classical","artist_25","album_2","track_4","4","artist_25_album_2_track_4.mp3"
"classical","artist_26","album_1","track_1","1","artist_26_album_1_track_1.mp3"
"classical","artist_26","album_1","track_2","2","artist_26_album_1_track_2.mp3"
"classical","artist_27","album_1","track_1","1","artist_27_album_1_track_1.mp3"
"classical","artist_27","album_1","track_2","2","artist_27_album_1_track_2.mp3"
"classical","artist_27","album_1","track_3","3","artist_27_album_1_track_3.mp3"
"classical","artist_27","album_1","track_4","4","artist_27_album_1_track_4.mp3"
"classical","artist_27","album_1","track_5","5","artist_27_album_1_track_5.mp3"
"classical","artist_27","album_1","track_6","6","artist_27_album_1_track_6.mp3"
"classical","artist_27","album_1","track_7","7","artist_27_album_1_track_7.mp3"
"classical","artist_28","album_1","track_1","1","artist_28_album_1_track_1.mp3"
"classical","artist_28","album_1","track_2","2","artist_28_album_1_track_2.mp3"
"classical","artist_28","album_2","track_1","1","artist_28_album_2_track_1.mp3"
"classical","artist_28","album_2","track_2","2","artist_28_album_2_track_2.mp3"
"classical","artist_29","album_1","track_1","1","artist_29_album_1_track_1.mp3"
"classical","artist_29","album_1","track_2","2","artist_29_album_1_track_2.mp3"
"classical","artist_29","album_1","track_3","3","artist_29_album_1_track_3.mp3"
"classical","artist_30","album_1","track_1","1","artist_30_album_1_track_1.mp3"
"classical","artist_30","album_1","track_2","2","artist_30_album_1_track_2.mp3"
"classical","artist_30","album_1","track_3","3","artist_30_album_1_track_3.mp3"
"classical","artist_30","album_1","track_4","4","artist_30_album_1_track_4.mp3"
"classical","artist_30","album_1","track_5","5","artist_30_album_1_track_5.mp3"
"classical","artist_30","album_1","track_6","6","artist_30_album_1_track_6.mp3"
"classical","artist_31","album_1","track_1","1","artist_31_album_1_track_1.mp3"
"classical","artist_31","album_1","track_2","2","artist_31_album_1_track_2.mp3"
"classical","artist_31","album_1","track_3","3","artist_31_album_1_track_3.mp3"
"classical","artist_31","album_1","track_4","4","artist_31_album_1_track_4.mp3"
"classical","artist_32","album_1","track_1","1","artist_32_album_1_track_1.mp3"
"classical","artist_32","album_1","track_2","2","artist_32_album_1_track_2.mp3"
"classical","artist_32","album_1","track_3","3","artist_32_album_1_track_3.mp3"
"classical","artist_32","album_1","track_4","4","artist_32_album_1_track_4.mp3"
"classical","artist_32","album_1","track_5","5","artist_32_album_1_track_5.mp3"
"classical","artist_32","album_1","track_6","6","artist_32_album_1_track_6.mp3"
"classical","artist_32","album_2","track_1","1","artist_32_album_2_track_1.mp3"
"classical","artist_32","album_2","track_2","2","artist_32_album_2_track_2.mp3"
"classical","artist_32","album_3","track_1","1","artist_32_album_3_track_1.mp3"
"classical","artist_32","album_3","track_2","2","artist_32_album_3_track_2.mp3"
"classical","artist_32","album_3","track_3","3","artist_32_album_3_track_3.mp3"
"classical","artist_32","album_3","track_4","4","artist_32_album_3_track_4.mp3"
"classical","artist_33","album_1","track_1","1","artist_33_album_1_track_1.mp3"
"classical","artist_33","album_1","track_2","2","artist_33_album_1_track_2.mp3"
"classical","artist_33","album_1","track_3","3","artist_33_album_1_track_3.mp3"
"classical","artist_33","album_1","track_4","4","artist_33_album_1_track_4.mp3"
"classical","artist_33","album_2","track_1","1","artist_33_album_2_track_1.mp3"
"classical","artist_33","album_2","track_2","2","artist_33_album_2_track_2.mp3"
"classical","artist_33","album_2","track_3","3","artist_33_album_2_track_3.mp3"
"classical","artist_33","album_2","track_4","4","artist_33_album_2_track_4.mp3"
"classical","artist_34","album_1","track_1","1","artist_34_album_1_track_1.mp3"
"classical","artist_34","album_1","track_2","2","artist_34_album_1_track_2.mp3"
"classical","artist_34","album_1","track_3","3","artist_34_album_1_track_3.mp3"
"classical","artist_34","album_1","track_4","4","artist_34_album_1_track_4.mp3"
"classical","artist_34","album_1","track_5","5","artist_34_album_1_track_5.mp3"
"classical","artist_34","album_1","track_6","6","artist_34_album_1_track_6.mp3"
"classical","artist_35","album_1","track_1","1","artist_35_album_1_track_1.mp3"
"classical","artist_35","album_1","track_2","2","artist_35_album_1_track_2.mp3"
"classical","artist_35","album_1","track_3","3","artist_35_album_1_track_3.mp3"
"classical","artist_35","album_1","track_4","4","artist_35_album_1_track_4.mp3"
"classical","artist_35","album_1","track_5","5","artist_35_album_1_track_5.mp3"
"classical","artist_35","album_1","track_6","6","artist_35_album_1_track_6.mp3"
"classical","artist_35","album_2","track_1","1","artist_35_album_2_track_1.mp3"
"classical","artist_35","album_2","track_2","2","artist_35_album_2_track_2.mp3"
"classical","artist_35","album_2","track_3","3","artist_35_album_2_track_3.mp3"
"classical","artist_35","album_2","track_4","4","artist_35_album_2_track_4.mp3"
"classical","artist_35","album_2","track_5","5","artist_35_album_2_track_5.mp3"
"classical","artist_36","album_1","track_1","1","artist_36_album_1_track_1.mp3"
"classical","artist_36","album_1","track_2","2","artist_36_album_1_track_2.mp3"
"classical","artist_36","album_1","track_3","3","artist_36_album_1_track_3.mp3"
"classical","artist_36","album_1","track_4","4","artist_36_album_1_track_4.mp3"
"classical","artist_36","album_1","track_5","5","artist_36_album_1_track_5.mp3"
"classical","artist_36","album_1","track_6","6","artist_36_album_1_track_6.mp3"
"classical","artist_36","album_2","track_1","1","artist_36_album_2_track_1.mp3"
"classical","artist_36","album_2","track_2","2","artist_36_album_2_track_2.mp3"
"classical","artist_36","album_2","track_3","3","artist_36_album_2_track_3.mp3"
"classical","artist_36","album_2","track_4","4","artist_36_album_2_track_4.mp3"
"classical","artist_37","album_1","track_1","1","artist_37_album_1_track_1.mp3"
"classical","artist_37","album_1","track_2","2","artist_37_album_1_track_2.mp3"
"classical","artist_37","album_1","track_3","3","artist_37_album_1_track_3.mp3"
"classical","artist_37","album_1","track_4","4","artist_37_album_1_track_4.mp3"
"classical","artist_37","album_1","track_5","5","artist_37_album_1_track_5.mp3"
"classical","artist_37","album_1","track_6","6","artist_37_album_1_track_6.mp3"
"classical","artist_38","album_1","track_1","1","artist_38_album_1_track_1.mp3"
"classical","artist_38","album_1","track_2","2","artist_38_album_1_track_2.mp3"
"classical","artist_38","album_1","track_3","3","artist_38_album_1_track_3.mp3"
"classical","artist_38","album_1","track_4","4","artist_38_album_1_track_4.mp3"
"classical","artist_39","album_1","track_1","1","artist_39_album_1_track_1.mp3"
"classical","artist_39","album_1","track_2","2","artist_39_album_1_track_2.mp3"
"classical","artist_39","album_1","track_3","3","artist_39_album_1_track_3.mp3"
"classical","artist_40","album_1","track_1","1","artist_40_album_1_track_1.mp3"
"classical","artist_40","album_1","track_2","2","artist_40_album_1_track_2.mp3"
"classical","artist_40","album_1","track_3","3","artist_40_album_1_track_3.mp3"
"classical","artist_40","album_1","track_4","4","artist_40_album_1_track_4.mp3"
"classical","artist_40","album_2","track_1","1","artist_40_album_2_track_1.mp3"
"classical","artist_40","album_2","track_2","2","artist_40_album_2_track_2.mp3"
"classical","artist_40","album_2","track_3","3","artist_40_album_2_track_3.mp3"
"classical","artist_40","album_2","track_4","4","artist_40_album_2_track_4.mp3"
"classical","artist_40","album_2","track_5","5","artist_40_album_2_track_5.mp3"
"classical","artist_40","album_3","track_1","1","artist_40_album_3_track_1.mp3"
"classical","artist_40","album_3","track_2","2","artist_40_album_3_track_2.mp3"
"classical","artist_40","album_3","track_3","3","artist_40_album_3_track_3.mp3"
"classical","artist_40","album_4","track_1","1","artist_40_album_4_track_1.mp3"
"classical","artist_40","album_4","track_2","2","artist_40_album_4_track_2.mp3"
"classical","artist_40","album_4","track_3","3","artist_40_album_4_track_3.mp3"
"classical","artist_40","album_4","track_4","4","artist_40_album_4_track_4.mp3"
"classical","artist_40","album_5","track_1","1","artist_40_album_5_track_1.mp3"
"classical","artist_40","album_5","track_2","2","artist_40_album_5_track_2.mp3"
"classical","artist_40","album_5","track_3","3","artist_40_album_5_track_3.mp3"
"classical","artist_40","album_5","track_4","4","artist_40_album_5_track_4.mp3"
"electronic","artist_41","album_1","track_1","1","artist_41_album_1_track_1.mp3"
"electronic","artist_41","album_1","track_2","2","artist_41_album_1_track_2.mp3"
"electronic","artist_42","album_1","track_1","1","artist_42_album_1_track_1.mp3"
"electronic","artist_42","album_1","track_2","2","artist_42_album_1_track_2.mp3"
"electronic","artist_43","album_1","track_1","1","artist_43_album_1_track_1.mp3"
"electronic","artist_44","album_1","track_1","1","artist_44_album_1_track_1.mp3"
"electronic","artist_44","album_1","track_2","2","artist_44_album_1_track_2.mp3"
"electronic","artist_44","album_2","track_1","1","artist_44_album_2_track_1.mp3"
"electronic","artist_44","album_2","track_2","2","artist_44_album_2_track_2.mp3"
"electronic","artist_45","album_1","track_1","1","artist_45_album_1_track_1.mp3"
"electronic","artist_45","album_1","track_2","2","artist_45_album_1_track_2.mp3"
"electronic","artist_45","album_1","track_3","3","artist_45_album_1_track_3.mp3"
"electronic","artist_45","album_2","track_1","1","artist_45_album_2_track_1.mp3"
"electronic","artist_45","album_2","track_2","2","artist_45_album_2_track_2.mp3"
"electronic","artist_45","album_2","track_3","3","artist_45_album_2_track_3.mp3"
"electronic","artist_45","album_2","track_4","4","artist_45_album_2_track_4.mp3"
"electronic","artist_46","album_1","track_1","1","artist_46_album_1_track_1.mp3"
"electronic","artist_46","album_1","track_2","2","artist_46_album_1_track_2.mp3"
"electronic","artist_46","album_1","track_3","3","artist_46_album_1_track_3.mp3"
"electronic","artist_46","album_1","track_4","4","artist_46_album_1_track_4.mp3"
"electronic","artist_46","album_2","track_1","1","artist_46_album_2_track_1.mp3"
"electronic","artist_46","album_2","track_2","2","artist_46_album_2_track_2.mp3"
"electronic","artist_47","album_1","track_1","1","artist_47_album_1_track_1.mp3"
"electronic","artist_47","album_1","track_2","2","artist_47_album_1_track_2.mp3"
"electronic","artist_47","album_1","track_3","3","artist_47_album_1_track_3.mp3"
"electronic","artist_47","album_2","track_1","1","artist_47_album_2_track_1.mp3"
"electronic","artist_47","album_2","track_2","2","artist_47_album_2_track_2.mp3"
"electronic","artist_47","album_3","track_1","1","artist_47_album_3_track_1.mp3"
"electronic","artist_47","album_3","track_2","2","artist_47_album_3_track_2.mp3"
"electronic","artist_47","album_3","track_3","3","artist_47_album_3_track_3.mp3"
"electronic","artist_48","album_1","track_1","1","artist_48_album_1_track_1.mp3"
"electronic","artist_48","album_1","track_2","2","artist_48_album_1_track_2.mp3"
"electronic","artist_48","album_2","track_1","1","artist_48_album_2_track_1.mp3"
"electronic","artist_48","album_2","track_2","2","artist_48_album_2_track_2.mp3"
"electronic","artist_48","album_3","track_1","1","artist_48_album_3_track_1.mp3"
"electronic","artist_48","album_3","track_2","2","artist_48_album_3_track_2.mp3"
"electronic","artist_49","album_1","track_1","1","artist_49_album_1_track_1.mp3"
"electronic","artist_49","album_1","track_2","2","artist_49_album_1_track_2.mp3"
"electronic","artist_49","album_1","track_3","3","artist_49_album_1_track_3.mp3"
"electronic","artist_50","album_1","track_1","1","artist_50_album_1_track_1.mp3"
"electronic","artist_50","album_1","track_2","2","artist_50_album_1_track_2.mp3"
"electronic","artist_50","album_1","track_3","3","artist_50_album_1_track_3.mp3"
"electronic","artist_50","album_1","track_4","4","artist_50_album_1_track_4.mp3"
"electronic","artist_50","album_1","track_5","5","artist_50_album_1_track_5.mp3"
"electronic","artist_50","album_2","track_1","1","artist_50_album_2_track_1.mp3"
"electronic","artist_50","album_2","track_2","2","artist_50_album_2_track_2.mp3"
"electronic","artist_51","album_1","track_1","1","artist_51_album_1_track_1.mp3"
"electronic","artist_51","album_1","track_2","2","artist_51_album_1_track_2.mp3"
"electronic","artist_51","album_1","track_3","3","artist_51_album_1_track_3.mp3"
"electronic","artist_52","album_1","track_1","1","artist_52_album_1_track_1.mp3"
"electronic","artist_52","album_1","track_2","2","artist_52_album_1_track_2.mp3"
"electronic","artist_52","album_1","track_3","3","artist_52_album_1_track_3.mp3"
"electronic","artist_52","album_1","track_4","4","artist_52_album_1_track_4.mp3"
"electronic","artist_52","album_1","track_5","5","artist_52_album_1_track_5.mp3"
"electronic","artist_53","album_1","track_1","1","artist_53_album_1_track_1.mp3"
"electronic","artist_53","album_1","track_2","2","artist_53_album_1_track_2.mp3"
"electronic","artist_54","album_1","track_1","1","artist_54_album_1_track_1.mp3"
"electronic","artist_54","album_1","track_2","2","artist_54_album_1_track_2.mp3"
"electronic","artist_54","album_2","track_1","1","artist_54_album_2_track_1.mp3"
"electronic","artist_55","album_1","track_1","1","artist_55_album_1_track_1.mp3"
"electronic","artist_55","album_1","track_2","2","artist_55_album_1_track_2.mp3"
"electronic","artist_55","album_1","track_3","3","artist_55_album_1_track_3.mp3"
"electronic","artist_56","album_1","track_1","1","artist_56_album_1_track_1.mp3"
"electronic","artist_56","album_1","track_2","2","artist_56_album_1_track_2.mp3"
"electronic","artist_57","album_1","track_1","1","artist_57_album_1_track_1.mp3"
"electronic","artist_57","album_1","track_2","2","artist_57_album_1_track_2.mp3"
"electronic","artist_57","album_1","track_3","3","artist_57_album_1_track_3.mp3"
"electronic","artist_57","album_1","track_4","4","artist_57_album_1_track_4.mp3"
"electronic","artist_58","album_1","track_1","1","artist_58_album_1_track_1.mp3"
"electronic","artist_58","album_1","track_2","2","artist_58_album_1_track_2.mp3"
"electronic","artist_58","album_2","track_1","1","artist_58_album_2_track_1.mp3"
"electronic","artist_58","album_2","track_2","2","artist_58_album_2_track_2.mp3"
"electronic","artist_58","album_3","track_1","1","artist_58_album_3_track_1.mp3"
"electronic","artist_59","album_1","track_1","1","artist_59_album_1_track_1.mp3"
"electronic","artist_59","album_1","track_2","2","artist_59_album_1_track_2.mp3"
"electronic","artist_59","album_1","track_3","3","artist_59_album_1_track_3.mp3"
"electronic","artist_60","album_1","track_1","1","artist_60_album_1_track_1.mp3"
"electronic","artist_60","album_1","track_2","2","artist_60_album_1_track_2.mp3"
"electronic","artist_61","album_1","track_1","1","artist_61_album_1_track_1.mp3"
"electronic","artist_61","album_1","track_2","2","artist_61_album_1_track_2.mp3"
"electronic","artist_62","album_1","track_1","1","artist_62_album_1_track_1.mp3"
"electronic","artist_62","album_1","track_2","2","artist_62_album_1_track_2.mp3"
"electronic","artist_62","album_1","track_3","3","artist_62_album_1_track_3.mp3"
"electronic","artist_62","album_1","track_4","4","artist_62_album_1_track_4.mp3"
"electronic","artist_63","album_1","track_1","1","artist_63_album_1_track_1.mp3"
"electronic","artist_63","album_1","track_2","2","artist_63_album_1_track_2.mp3"
"electronic","artist_64","album_1","track_1","1","artist_64_album_1_track_1.mp3"
"electronic","artist_64","album_1","track_2","2","artist_64_album_1_track_2.mp3"
"electronic","artist_65","album_1","track_1","1","artist_65_album_1_track_1.mp3"
"electronic","artist_65","album_1","track_2","2","artist_65_album_1_track_2.mp3"
"electronic","artist_65","album_1","track_3","3","artist_65_album_1_track_3.mp3"
"electronic","artist_66","album_1","track_1","1","artist_66_album_1_track_1.mp3"
"electronic","artist_66","album_1","track_2","2","artist_66_album_1_track_2.mp3"
"electronic","artist_66","album_1","track_3","3","artist_66_album_1_track_3.mp3"
"electronic","artist_67","album_1","track_1","1","artist_67_album_1_track_1.mp3"
"electronic","artist_67","album_1","track_2","2","artist_67_album_1_track_2.mp3"
"electronic","artist_67","album_1","track_3","3","artist_67_album_1_track_3.mp3"
"electronic","artist_67","album_2","track_1","1","artist_67_album_2_track_1.mp3"
"electronic","artist_67","album_2","track_2","2","artist_67_album_2_track_2.mp3"
"electronic","artist_67","album_2","track_3","3","artist_67_album_2_track_3.mp3"
"electronic","artist_67","album_3","track_1","1","artist_67_album_3_track_1.mp3"
"electronic","artist_67","album_3","track_2","2","artist_67_album_3_track_2.mp3"
"electronic","artist_67","album_3","track_3","3","artist_67_album_3_track_3.mp3"
"electronic","artist_67","album_4","track_1","1","artist_67_album_4_track_1.mp3"
"electronic","artist_67","album_4","track_2","2","artist_67_album_4_track_2.mp3"
"electronic","artist_67","album_4","track_3","3","artist_67_album_4_track_3.mp3"
"electronic","artist_67","album_4","track_4","4","artist_67_album_4_track_4.mp3"
"electronic","artist_68","album_1","track_1","1","artist_68_album_1_track_1.mp3"
"electronic","artist_68","album_1","track_2","2","artist_68_album_1_track_2.mp3"
"electronic","artist_69","album_1","track_1","1","artist_69_album_1_track_1.mp3"
"electronic","artist_69","album_1","track_2","2","artist_69_album_1_track_2.mp3"
"electronic","artist_69","album_1","track_3","3","artist_69_album_1_track_3.mp3"
"electronic","artist_70","album_1","track_1","1","artist_70_album_1_track_1.mp3"
"electronic","artist_70","album_1","track_2","2","artist_70_album_1_track_2.mp3"
"jazz_blues","artist_71","album_1","track_1","1","artist_71_album_1_track_1.mp3"
"jazz_blues","artist_71","album_1","track_2","2","artist_71_album_1_track_2.mp3"
"jazz_blues","artist_72","album_1","track_1","1","artist_72_album_1_track_1.mp3"
"jazz_blues","artist_72","album_1","track_2","2","artist_72_album_1_track_2.mp3"
"jazz_blues","artist_72","album_1","track_3","3","artist_72_album_1_track_3.mp3"
"jazz_blues","artist_73","album_1","track_1","1","artist_73_album_1_track_1.mp3"
"jazz_blues","artist_73","album_1","track_2","2","artist_73_album_1_track_2.mp3"
"jazz_blues","artist_73","album_1","track_3","3","artist_73_album_1_track_3.mp3"
"jazz_blues","artist_73","album_1","track_4","4","artist_73_album_1_track_4.mp3"
"jazz_blues","artist_73","album_1","track_5","5","artist_73_album_1_track_5.mp3"
"jazz_blues","artist_73","album_1","track_6","6","artist_73_album_1_track_6.mp3"
"jazz_blues","artist_73","album_2","track_1","1","artist_73_album_2_track_1.mp3"
"jazz_blues","artist_73","album_2","track_2","2","artist_73_album_2_track_2.mp3"
"jazz_blues","artist_73","album_2","track_3","3","artist_73_album_2_track_3.mp3"
"jazz_blues","artist_73","album_3","track_1","1","artist_73_album_3_track_1.mp3"
"jazz_blues","artist_73","album_3","track_2","2","artist_73_album_3_track_2.mp3"
"jazz_blues","artist_73","album_3","track_3","3","artist_73_album_3_track_3.mp3"
"jazz_blues","artist_73","album_3","track_4","4","artist_73_album_3_track_4.mp3"
"jazz_blues","artist_73","album_3","track_5","5","artist_73_album_3_track_5.mp3"
"jazz_blues","artist_74","album_1","track_1","1","artist_74_album_1_track_1.mp3"
"jazz_blues","artist_74","album_2","track_1","1","artist_74_album_2_track_1.mp3"
"jazz_blues","artist_74","album_2","track_2","2","artist_74_album_2_track_2.mp3"
"jazz_blues","artist_74","album_2","track_3","3","artist_74_album_2_track_3.mp3"
"jazz_blues","artist_75","album_1","track_1","1","artist_75_album_1_track_1.mp3"
"jazz_blues","artist_75","album_1","track_2","2","artist_75_album_1_track_2.mp3"
"jazz_blues","artist_75","album_2","track_1","1","artist_75_album_2_track_1.mp3"
"metal_punk","artist_76","album_1","track_1","1","artist_76_album_1_track_1.mp3"
"metal_punk","artist_76","album_1","track_2","2","artist_76_album_1_track_2.mp3"
"metal_punk","artist_76","album_1","track_3","3","artist_76_album_1_track_3.mp3"
"metal_punk","artist_76","album_2","track_1","1","artist_76_album_2_track_1.mp3"
"metal_punk","artist_76","album_2","track_2","2","artist_76_album_2_track_2.mp3"
"metal_punk","artist_77","album_1","track_1","1","artist_77_album_1_track_1.mp3"
"metal_punk","artist_77","album_1","track_2","2","artist_77_album_1_track_2.mp3"
"metal_punk","artist_77","album_1","track_3","3","artist_77_album_1_track_3.mp3"
"metal_punk","artist_77","album_2","track_1","1","artist_77_album_2_track_1.mp3"
"metal_punk","artist_77","album_3","track_1","1","artist_77_album_3_track_1.mp3"
"metal_punk","artist_77","album_3","track_2","2","artist_77_album_3_track_2.mp3"
"metal_punk","artist_77","album_3","track_3","3","artist_77_album_3_track_3.mp3"
"metal_punk","artist_77","album_3","track_4","4","artist_77_album_3_track_4.mp3"
"metal_punk","artist_77","album_4","track_1","1","artist_77_album_4_track_1.mp3"
"metal_punk","artist_77","album_4","track_2","2","artist_77_album_4_track_2.mp3"
"metal_punk","artist_77","album_5","track_1","1","artist_77_album_5_track_1.mp3"
"metal_punk","artist_77","album_5","track_2","2","artist_77_album_5_track_2.mp3"
"metal_punk","artist_77","album_5","track_3","3","artist_77_album_5_track_3.mp3"
"metal_punk","artist_78","album_1","track_1","1","artist_78_album_1_track_1.mp3"
"metal_punk","artist_78","album_1","track_2","2","artist_78_album_1_track_2.mp3"
"metal_punk","artist_78","album_1","track_3","3","artist_78_album_1_track_3.mp3"
"metal_punk","artist_79","album_1","track_1","1","artist_79_album_1_track_1.mp3"
"metal_punk","artist_79","album_1","track_2","2","artist_79_album_1_track_2.mp3"
"metal_punk","artist_79","album_2","track_1","1","artist_79_album_2_track_1.mp3"
"metal_punk","artist_79","album_2","track_2","2","artist_79_album_2_track_2.mp3"
"metal_punk","artist_79","album_3","track_1","1","artist_79_album_3_track_1.mp3"
"metal_punk","artist_79","album_3","track_2","2","artist_79_album_3_track_2.mp3"
"metal_punk","artist_79","album_4","track_1","1","artist_79_album_4_track_1.mp3"
"metal_punk","artist_79","album_4","track_2","2","artist_79_album_4_track_2.mp3"
"metal_punk","artist_80","album_1","track_1","1","artist_80_album_1_track_1.mp3"
"metal_punk","artist_80","album_1","track_2","2","artist_80_album_1_track_2.mp3"
"metal_punk","artist_80","album_1","track_3","3","artist_80_album_1_track_3.mp3"
"metal_punk","artist_80","album_2","track_1","1","artist_80_album_2_track_1.mp3"
"metal_punk","artist_80","album_2","track_2","2","artist_80_album_2_track_2.mp3"
"metal_punk","artist_81","album_1","track_1","1","artist_81_album_1_track_1.mp3"
"metal_punk","artist_81","album_1","track_2","2","artist_81_album_1_track_2.mp3"
"metal_punk","artist_81","album_1","track_3","3","artist_81_album_1_track_3.mp3"
"metal_punk","artist_82","album_1","track_1","1","artist_82_album_1_track_1.mp3"
"metal_punk","artist_82","album_1","track_2","2","artist_82_album_1_track_2.mp3"
"metal_punk","artist_82","album_2","track_1","1","artist_82_album_2_track_1.mp3"
"metal_punk","artist_82","album_2","track_2","2","artist_82_album_2_track_2.mp3"
"metal_punk","artist_82","album_3","track_1","1","artist_82_album_3_track_1.mp3"
"metal_punk","artist_82","album_3","track_2","2","artist_82_album_3_track_2.mp3"
"metal_punk","artist_83","album_1","track_1","1","artist_83_album_1_track_1.mp3"
"metal_punk","artist_83","album_1","track_2","2","artist_83_album_1_track_2.mp3"
"rock_pop","artist_84","album_1","track_1","1","artist_84_album_1_track_1.mp3"
"rock_pop","artist_84","album_1","track_2","2","artist_84_album_1_track_2.mp3"
"rock_pop","artist_85","album_1","track_1","1","artist_85_album_1_track_1.mp3"
"rock_pop","artist_85","album_1","track_2","2","artist_85_album_1_track_2.mp3"
"rock_pop","artist_85","album_1","track_3","3","artist_85_album_1_track_3.mp3"
"rock_pop","artist_86","album_1","track_1","1","artist_86_album_1_track_1.mp3"
"rock_pop","artist_87","album_1","track_1","1","artist_87_album_1_track_1.mp3"
"rock_pop","artist_87","album_1","track_2","2","artist_87_album_1_track_2.mp3"
"rock_pop","artist_87","album_1","track_3","3","artist_87_album_1_track_3.mp3"
"rock_pop","artist_87","album_2","track_1","1","artist_87_album_2_track_1.mp3"
"rock_pop","artist_87","album_2","track_2","2","artist_87_album_2_track_2.mp3"
"rock_pop","artist_87","album_3","track_1","1","artist_87_album_3_track_1.mp3"
"rock_pop","artist_87","album_3","track_2","2","artist_87_album_3_track_2.mp3"
"rock_pop","artist_87","album_3","track_3","3","artist_87_album_3_track_3.mp3"
"rock_pop","artist_88","album_1","track_1","1","artist_88_album_1_track_1.mp3"
"rock_pop","artist_88","album_1","track_2","2","artist_88_album_1_track_2.mp3"
"rock_pop","artist_88","album_1","track_3","3","artist_88_album_1_track_3.mp3"
"rock_pop","artist_89","album_1","track_1","1","artist_89_album_1_track_1.mp3"
"rock_pop","artist_89","album_1","track_2","2","artist_89_album_1_track_2.mp3"
"rock_pop","artist_89","album_1","track_3","3","artist_89_album_1_track_3.mp3"
"rock_pop","artist_89","album_1","track_4","4","artist_89_album_1_track_4.mp3"
"rock_pop","artist_90","album_1","track_1","1","artist_90_album_1_track_1.mp3"
"rock_pop","artist_90","album_1","track_2","2","artist_90_album_1_track_2.mp3"
"rock_pop","artist_90","album_1","track_3","3","artist_90_album_1_track_3.mp3"
"rock_pop","artist_91","album_1","track_1","1","artist_91_album_1_track_1.mp3"
"rock_pop","artist_91","album_1","track_2","2","artist_91_album_1_track_2.mp3"
"rock_pop","artist_91","album_1","track_3","3","artist_91_album_1_track_3.mp3"
"rock_pop","artist_92","album_1","track_1","1","artist_92_album_1_track_1.mp3"
"rock_pop","artist_92","album_1","track_2","2","artist_92_album_1_track_2.mp3"
"rock_pop","artist_92","album_1","track_3","3","artist_92_album_1_track_3.mp3"
"rock_pop","artist_92","album_1","track_4","4","artist_92_album_1_track_4.mp3"
"rock_pop","artist_93","album_1","track_1","1","artist_93_album_1_track_1.mp3"
"rock_pop","artist_93","album_1","track_2","2","artist_93_album_1_track_2.mp3"
"rock_pop","artist_93","album_1","track_3","3","artist_93_album_1_track_3.mp3"
"rock_pop","artist_94","album_1","track_1","1","artist_94_album_1_track_1.mp3"
"rock_pop","artist_94","album_1","track_2","2","artist_94_album_1_track_2.mp3"
"rock_pop","artist_94","album_1","track_3","3","artist_94_album_1_track_3.mp3"
"rock_pop","artist_94","album_1","track_4","4","artist_94_album_1_track_4.mp3"
"rock_pop","artist_95","album_1","track_1","1","artist_95_album_1_track_1.mp3"
"rock_pop","artist_95","album_1","track_2","2","artist_95_album_1_track_2.mp3"
"rock_pop","artist_95","album_1","track_3","3","artist_95_album_1_track_3.mp3"
"rock_pop","artist_96","album_1","track_1","1","artist_96_album_1_track_1.mp3"
"rock_pop","artist_96","album_1","track_2","2","artist_96_album_1_track_2.mp3"
"rock_pop","artist_97","album_1","track_1","1","artist_97_album_1_track_1.mp3"
"rock_pop","artist_97","album_1","track_2","2","artist_97_album_1_track_2.mp3"
"rock_pop","artist_97","album_1","track_3","3","artist_97_album_1_track_3.mp3"
"rock_pop","artist_98","album_1","track_1","1","artist_98_album_1_track_1.mp3"
"rock_pop","artist_98","album_1","track_2","2","artist_98_album_1_track_2.mp3"
"rock_pop","artist_98","album_1","track_3","3","artist_98_album_1_track_3.mp3"
"rock_pop","artist_99","album_1","track_1","1","artist_99_album_1_track_1.mp3"
"rock_pop","artist_99","album_1","track_2","2","artist_99_album_1_track_2.mp3"
"rock_pop","artist_99","album_1","track_3","3","artist_99_album_1_track_3.mp3"
"rock_pop","artist_99","album_1","track_4","4","artist_99_album_1_track_4.mp3"
"rock_pop","artist_100","album_1","track_1","1","artist_100_album_1_track_1.mp3"
"rock_pop","artist_100","album_1","track_2","2","artist_100_album_1_track_2.mp3"
"rock_pop","artist_100","album_1","track_3","3","artist_100_album_1_track_3.mp3"
"rock_pop","artist_100","album_1","track_4","4","artist_100_album_1_track_4.mp3"
"rock_pop","artist_100","album_2","track_1","1","artist_100_album_2_track_1.mp3"
"rock_pop","artist_100","album_2","track_2","2","artist_100_album_2_track_2.mp3"
"rock_pop","artist_100","album_2","track_3","3","artist_100_album_2_track_3.mp3"
"rock_pop","artist_100","album_3","track_1","1","artist_100_album_3_track_1.mp3"
"rock_pop","artist_100","album_3","track_2","2","artist_100_album_3_track_2.mp3"
"rock_pop","artist_100","album_3","track_3","3","artist_100_album_3_track_3.mp3"
"rock_pop","artist_100","album_4","track_1","1","artist_100_album_4_track_1.mp3"
"rock_pop","artist_100","album_4","track_2","2","artist_100_album_4_track_2.mp3"
"rock_pop","artist_100","album_4","track_3","3","artist_100_album_4_track_3.mp3"
"rock_pop","artist_100","album_4","track_4","4","artist_100_album_4_track_4.mp3"
"rock_pop","artist_100","album_5","track_1","1","artist_100_album_5_track_1.mp3"
"rock_pop","artist_100","album_5","track_2","2","artist_100_album_5_track_2.mp3"
"rock_pop","artist_100","album_5","track_3","3","artist_100_album_5_track_3.mp3"
"rock_pop","artist_101","album_1","track_1","1","artist_101_album_1_track_1.mp3"
"rock_pop","artist_101","album_1","track_2","2","artist_101_album_1_track_2.mp3"
"rock_pop","artist_101","album_1","track_3","3","artist_101_album_1_track_3.mp3"
"rock_pop","artist_102","album_1","track_1","1","artist_102_album_1_track_1.mp3"
"rock_pop","artist_102","album_1","track_2","2","artist_102_album_1_track_2.mp3"
"rock_pop","artist_102","album_1","track_3","3","artist_102_album_1_track_3.mp3"
"rock_pop","artist_102","album_2","track_1","1","artist_102_album_2_track_1.mp3"
"rock_pop","artist_102","album_2","track_2","2","artist_102_album_2_track_2.mp3"
"rock_pop","artist_102","album_2","track_3","3","artist_102_album_2_track_3.mp3"
"rock_pop","artist_102","album_2","track_4","4","artist_102_album_2_track_4.mp3"
"rock_pop","artist_103","album_1","track_1","1","artist_103_album_1_track_1.mp3"
"rock_pop","artist_103","album_1","track_2","2","artist_103_album_1_track_2.mp3"
"rock_pop","artist_104","album_1","track_1","1","artist_104_album_1_track_1.mp3"
"rock_pop","artist_104","album_1","track_2","2","artist_104_album_1_track_2.mp3"
"rock_pop","artist_105","album_1","track_1","1","artist_105_album_1_track_1.mp3"
"rock_pop","artist_105","album_1","track_2","2","artist_105_album_1_track_2.mp3"
"rock_pop","artist_106","album_1","track_1","1","artist_106_album_1_track_1.mp3"
"rock_pop","artist_106","album_1","track_2","2","artist_106_album_1_track_2.mp3"
"rock_pop","artist_106","album_1","track_3","3","artist_106_album_1_track_3.mp3"
"rock_pop","artist_106","album_2","track_1","1","artist_106_album_2_track_1.mp3"
"rock_pop","artist_106","album_2","track_2","2","artist_106_album_2_track_2.mp3"
"rock_pop","artist_106","album_2","track_3","3","artist_106_album_2_track_3.mp3"
"rock_pop","artist_106","album_2","track_4","4","artist_106_album_2_track_4.mp3"
"rock_pop","artist_107","album_1","track_1","1","artist_107_album_1_track_1.mp3"
"rock_pop","artist_107","album_1","track_2","2","artist_107_album_1_track_2.mp3"
"rock_pop","artist_107","album_1","track_3","3","artist_107_album_1_track_3.mp3"
"rock_pop","artist_108","album_1","track_1","1","artist_108_album_1_track_1.mp3"
"rock_pop","artist_108","album_1","track_2","2","artist_108_album_1_track_2.mp3"
"rock_pop","artist_108","album_1","track_3","3","artist_108_album_1_track_3.mp3"
"rock_pop","artist_109","album_1","track_1","1","artist_109_album_1_track_1.mp3"
"rock_pop","artist_109","album_1","track_2","2","artist_109_album_1_track_2.mp3"
"rock_pop","artist_109","album_1","track_3","3","artist_109_album_1_track_3.mp3"
"world","artist_110","album_1","track_1","1","artist_110_album_1_track_1.mp3"
"world","artist_110","album_1","track_2","2","artist_110_album_1_track_2.mp3"
"world","artist_111","album_1","track_1","1","artist_111_album_1_track_1.mp3"
"world","artist_111","album_1","track_2","2","artist_111_album_1_track_2.mp3"
"world","artist_111","album_1","track_3","3","artist_111_album_1_track_3.mp3"
"world","artist_111","album_1","track_4","4","artist_111_album_1_track_4.mp3"
"world","artist_111","album_2","track_1","1","artist_111_album_2_track_1.mp3"
"world","artist_111","album_2","track_2","2","artist_111_album_2_track_2.mp3"
"world","artist_112","album_1","track_1","1","artist_112_album_1_track_1.mp3"
"world","artist_112","album_1","track_2","2","artist_112_album_1_track_2.mp3"
"world","artist_112","album_2","track_1","1","artist_112_album_2_track_1.mp3"
"world","artist_112","album_2","track_2","2","artist_112_album_2_track_2.mp3"
"world","artist_113","album_1","track_1","1","artist_113_album_1_track_1.mp3"
"world","artist_113","album_1","track_2","2","artist_113_album_1_track_2.mp3"
"world","artist_113","album_1","track_3","3","artist_113_album_1_track_3.mp3"
"world","artist_113","album_1","track_4","4","artist_113_album_1_track_4.mp3"
"world","artist_113","album_1","track_5","5","artist_113_album_1_track_5.mp3"
"world","artist_113","album_1","track_6","6","artist_113_album_1_track_6.mp3"
"world","artist_114","album_1","track_1","1","artist_114_album_1_track_1.mp3"
"world","artist_114","album_1","track_2","2","artist_114_album_1_track_2.mp3"
"world","artist_114","album_1","track_3","3","artist_114_album_1_track_3.mp3"
"world","artist_115","album_1","track_1","1","artist_115_album_1_track_1.mp3"
"world","artist_115","album_1","track_2","2","artist_115_album_1_track_2.mp3"
"world","artist_115","album_1","track_3","3","artist_115_album_1_track_3.mp3"
"world","artist_115","album_2","track_1","1","artist_115_album_2_track_1.mp3"
"world","artist_115","album_2","track_2","2","artist_115_album_2_track_2.mp3"
"world","artist_115","album_2","track_3","3","artist_115_album_2_track_3.mp3"
"world","artist_115","album_3","track_1","1","artist_115_album_3_track_1.mp3"
"world","artist_115","album_3","track_2","2","artist_115_album_3_track_2.mp3"
"world","artist_116","album_1","track_1","1","artist_116_album_1_track_1.mp3"
"world","artist_116","album_2","track_1","1","artist_116_album_2_track_1.mp3"
"world","artist_117","album_1","track_1","1","artist_117_album_1_track_1.mp3"
"world","artist_117","album_1","track_2","2","artist_117_album_1_track_2.mp3"
"world","artist_117","album_2","track_1","1","artist_117_album_2_track_1.mp3"
"world","artist_117","album_2","track_2","2","artist_117_album_2_track_2.mp3"
"world","artist_117","album_2","track_3","3","artist_117_album_2_track_3.mp3"
"world","artist_117","album_2","track_4","4","artist_117_album_2_track_4.mp3"
"world","artist_118","album_1","track_1","1","artist_118_album_1_track_1.mp3"
"world","artist_118","album_1","track_2","2","artist_118_album_1_track_2.mp3"
"world","artist_119","album_1","track_1","1","artist_119_album_1_track_1.mp3"
"world","artist_119","album_1","track_2","2","artist_119_album_1_track_2.mp3"
"world","artist_119","album_1","track_3","3","artist_119_album_1_track_3.mp3"
"world","artist_119","album_2","track_1","1","artist_119_album_2_track_1.mp3"
"world","artist_119","album_2","track_2","2","artist_119_album_2_track_2.mp3"
"world","artist_119","album_2","track_3","3","artist_119_album_2_track_3.mp3"
"world","artist_119","album_2","track_4","4","artist_119_album_2_track_4.mp3"
"world","artist_119","album_3","track_1","1","artist_119_album_3_track_1.mp3"
"world","artist_119","album_3","track_2","2","artist_119_album_3_track_2.mp3"
"world","artist_119","album_4","track_1","1","artist_119_album_4_track_1.mp3"
"world","artist_119","album_4","track_2","2","artist_119_album_4_track_2.mp3"
"world","artist_119","album_4","track_3","3","artist_119_album_4_track_3.mp3"
"world","artist_119","album_4","track_4","4","artist_119_album_4_track_4.mp3"
"world","artist_119","album_4","track_5","5","artist_119_album_4_track_5.mp3"
"world","artist_120","album_1","track_1","1","artist_120_album_1_track_1.mp3"
"world","artist_120","album_1","track_2","2","artist_120_album_1_track_2.mp3"
"world","artist_120","album_1","track_3","3","artist_120_album_1_track_3.mp3"
"world","artist_120","album_1","track_4","4","artist_120_album_1_track_4.mp3"
"world","artist_121","album_1","track_1","1","artist_121_album_1_track_1.mp3"
"world","artist_122","album_1","track_1","1","artist_122_album_1_track_1.mp3"
"world","artist_122","album_1","track_2","2","artist_122_album_1_track_2.mp3"
"world","artist_122","album_1","track_3","3","artist_122_album_1_track_3.mp3"
"world","artist_122","album_1","track_4","4","artist_122_album_1_track_4.mp3"
"world","artist_122","album_2","track_1","1","artist_122_album_2_track_1.mp3"
"world","artist_122","album_2","track_2","2","artist_122_album_2_track_2.mp3"
"world","artist_122","album_2","track_3","3","artist_122_album_2_track_3.mp3"
"world","artist_122","album_2","track_4","4","artist_122_album_2_track_4.mp3"
"world","artist_122","album_3","track_1","1","artist_122_album_3_track_1.mp3"
"world","artist_122","album_3","track_2","2","artist_122_album_3_track_2.mp3"
"world","artist_122","album_3","track_3","3","artist_122_album_3_track_3.mp3"
"world","artist_122","album_3","track_4","4","artist_122_album_3_track_4.mp3"
"world","artist_122","album_3","track_5","5","artist_122_album_3_track_5.mp3"
"world","artist_122","album_4","track_1","1","artist_122_album_4_track_1.mp3"
"world","artist_122","album_4","track_2","2","artist_122_album_4_track_2.mp3"
"world","artist_122","album_4","track_3","3","artist_122_album_4_track_3.mp3"
"world","artist_122","album_4","track_4","4","artist_122_album_4_track_4.mp3"
"world","artist_123","album_1","track_1","1","artist_123_album_1_track_1.mp3"
"world","artist_123","album_1","track_2","2","artist_123_album_1_track_2.mp3"
"world","artist_123","album_1","track_3","3","artist_123_album_1_track_3.mp3"
"world","artist_124","album_1","track_1","1","artist_124_album_1_track_1.mp3"
"world","artist_124","album_1","track_2","2","artist_124_album_1_track_2.mp3"
"world","artist_124","album_1","track_3","3","artist_124_album_1_track_3.mp3"
"world","artist_124","album_2","track_1","1","artist_124_album_2_track_1.mp3"
"world","artist_124","album_2","track_2","2","artist_124_album_2_track_2.mp3"
"world","artist_124","album_2","track_3","3","artist_124_album_2_track_3.mp3"
"world","artist_124","album_3","track_1","1","artist_124_album_3_track_1.mp3"
"world","artist_124","album_3","track_2","2","artist_124_album_3_track_2.mp3"
"world","artist_124","album_4","track_1","1","artist_124_album_4_track_1.mp3"
"world","artist_124","album_4","track_2","2","artist_124_album_4_track_2.mp3"
"world","artist_124","album_4","track_3","3","artist_124_album_4_track_3.mp3"
"world","artist_124","album_5","track_1","1","artist_124_album_5_track_1.mp3"
"world","artist_124","album_5","track_2","2","artist_124_album_5_track_2.mp3"
"world","artist_124","album_6","track_1","1","artist_124_album_6_track_1.mp3"
"world","artist_124","album_6","track_2","2","artist_124_album_6_track_2.mp3"
"world","artist_124","album_7","track_1","1","artist_124_album_7_track_1.mp3"
"world","artist_124","album_7","track_2","2","artist_124_album_7_track_2.mp3"
"world","artist_125","album_1","track_1","1","artist_125_album_1_track_1.mp3"
"world","artist_125","album_1","track_2","2","artist_125_album_1_track_2.mp3"
"world","artist_125","album_2","track_1","1","artist_125_album_2_track_1.mp3"
"world","artist_125","album_2","track_2","2","artist_125_album_2_track_2.mp3"
"world","artist_125","album_3","track_1","1","artist_125_album_3_track_1.mp3"
"world","artist_125","album_3","track_2","2","artist_125_album_3_track_2.mp3"
"world","artist_125","album_4","track_1","1","artist_125_album_4_track_1.mp3"
"world","artist_125","album_4","track_2","2","artist_125_album_4_track_2.mp3"
"world","artist_126","album_1","track_1","1","artist_126_album_1_track_1.mp3"
"world","artist_126","album_1","track_2","2","artist_126_album_1_track_2.mp3"
"world","artist_126","album_1","track_3","3","artist_126_album_1_track_3.mp3"
"world","artist_126","album_2","track_1","1","artist_126_album_2_track_1.mp3"
"world","artist_126","album_2","track_2","2","artist_126_album_2_track_2.mp3"
"world","artist_126","album_2","track_3","3","artist_126_album_2_track_3.mp3"
"world","artist_126","album_2","track_4","4","artist_126_album_2_track_4.mp3"
"world","artist_126","album_3","track_1","1","artist_126_album_3_track_1.mp3"
"world","artist_126","album_3","track_2","2","artist_126_album_3_track_2.mp3"
"world","artist_126","album_3","track_3","3","artist_126_album_3_track_3.mp3"
"world","artist_127","album_1","track_1","1","artist_127_album_1_track_1.mp3"
"world","artist_127","album_1","track_2","2","artist_127_album_1_track_2.mp3"
"world","artist_127","album_2","track_1","1","artist_127_album_2_track_1.mp3"
"world","artist_127","album_3","track_1","1","artist_127_album_3_track_1.mp3"
"world","artist_127","album_4","track_1","1","artist_127_album_4_track_1.mp3"
"world","artist_127","album_4","track_2","2","artist_127_album_4_track_2.mp3"
"world","artist_127","album_4","track_3","3","artist_127_album_4_track_3.mp3"
"world","artist_128","album_1","track_1","1","artist_128_album_1_track_1.mp3"
"world","artist_128","album_1","track_2","2","artist_128_album_1_track_2.mp3"
